sample,normalized_rule,Total_runtime_user,Total_runtime_cpu,Total_cost,Total_snake_threads,Avg_cpu_efficiency,Avg_task_cost,Runtime_cpu_per_vcpu
DAY_all.,final_multiqc2,85.64510000000001,133.16,0.002495,12,0.4594,0.0008316666666666666,11.096666666666666
I0-1x_HG006_grapev2_0.,dirsetup,0.3639,0.0,4e-06,1,0.0,4e-06,0.0
I0-1x_HG006_grapev2_0.,sent.alNsort,1065.802,1008311.04,0.552914,192,4.9274,0.552914,5251.62
I0-1x_HG006_grapev2_0.,sent.alignstats,13.6715,740.16,0.001182,32,1.6918,0.001182,23.13
I0-1x_HG006_grapev2_0.,sent.mrkdup,25.4428,743.04,0.013199,192,0.1521,0.013199,3.8699999999999997
I0-1x_HG006_grapev2_0.,sent.sentd,39.6283,235787.52,0.020558,192,30.9895,0.020558,1228.06
I0-1x_HG006_grapev2_0.,sent.sentd.concat.fofn,0.459,0.0,5e-06,1,0.0,5e-06,0.0
I0-1x_HG006_grapev2_0.,sent.sentd.concordance,1103.3447,15813.119999999999,0.286195,96,0.1493,0.286195,164.72
I0-1x_HG006_grapev2_0.,sent.sentd.merge,0.9896,0.8,1.1e-05,4,0.2021,1.1e-05,0.2
I0-5x_HG006_grapev2_0.,sent.alNsort,1052.0911,1270905.6,0.545801,192,6.2916,0.545801,6619.3
I0-5x_HG006_grapev2_0.,sent.alignstats,22.2131,955.84,0.001921,32,1.3447,0.001921,29.87
I0-5x_HG006_grapev2_0.,sent.mrkdup,28.5293,49754.88,0.0148,192,9.0833,0.0148,259.14
I0-5x_HG006_grapev2_0.,sent.sentd,66.7636,713543.04,0.034635,192,55.6646,0.034635,3716.3700000000003
I0-5x_HG006_grapev2_0.,sent.sentd.concat.fofn,0.3762,0.0,4e-06,1,0.0,4e-06,0.0
I0-5x_HG006_grapev2_0.,sent.sentd.concordance,1090.2335,10837.44,0.460048,96,0.1035,0.460048,112.89
I0-5x_HG006_grapev2_0.,sent.sentd.merge,2.5758,1.16,2.8e-05,4,0.1126,2.8e-05,0.29
I1-5x_HG006_grapev2_0.,sent.alNsort,1035.6081,1852957.44,0.53725,192,9.319,0.53725,9650.82
I1-5x_HG006_grapev2_0.,sent.alignstats,45.5658,961.6,0.00394,32,0.6595,0.00394,30.05
I1-5x_HG006_grapev2_0.,sent.mrkdup,47.5653,93809.28,0.024676,192,10.272,0.024676,488.59
I1-5x_HG006_grapev2_0.,sent.sentd,140.3471,2115972.48,0.118445,192,78.5246,0.118445,11020.69
I1-5x_HG006_grapev2_0.,sent.sentd.concat.fofn,0.3614,0.0,4e-06,1,0.0,4e-06,0.0
I1-5x_HG006_grapev2_0.,sent.sentd.concordance,1395.7625,16196.16,0.588973,96,0.1209,0.588973,168.71
I1-5x_HG006_grapev2_0.,sent.sentd.merge,8.2583,4.6,8.9e-05,4,0.1393,8.9e-05,1.15
I12x_HG006_grapev2_0.,sent.alNsort,1159.5125,333469.44,0.601529,192,1.4979,0.601529,1736.82
I12x_HG006_grapev2_0.,sent.alignstats,290.4715,17417.92,0.025115,32,1.8739,0.025115,544.31
I12x_HG006_grapev2_0.,sent.mrkdup,262.5781,3675143.04,0.13622,192,72.8978,0.13622,19141.37
I12x_HG006_grapev2_0.,sent.sentd,423.2917,7089920.64,0.219594,192,87.2369,0.219594,36926.67
I12x_HG006_grapev2_0.,sent.sentd.concat.fofn,0.3642,0.0,4e-06,1,0.0,4e-06,0.0
I12x_HG006_grapev2_0.,sent.sentd.concordance,2230.0685,21202.56,0.578455,96,0.099,0.578455,220.86
I12x_HG006_grapev2_0.,sent.sentd.merge,23.8715,154.28,0.000258,4,1.6157,0.000258,38.57
I15x_HG006_grapev2_0.,sent.alNsort,1227.3305,469063.68,0.636712,192,1.9905,0.636712,2443.04
I15x_HG006_grapev2_0.,sent.alignstats,361.6734,21151.04,0.031271,32,1.8275,0.031271,660.97
I15x_HG006_grapev2_0.,sent.mrkdup,377.9573,6110588.16,0.196076,192,84.2052,0.196076,31825.98
I15x_HG006_grapev2_0.,sent.sentd,454.8259,7085278.08,0.235954,192,81.1354,0.235954,36902.49
I15x_HG006_grapev2_0.,sent.sentd.concat.fofn,0.4449,0.0,4e-06,1,0.0,4e-06,0.0
I15x_HG006_grapev2_0.,sent.sentd.concordance,2245.4963,33119.04,0.582457,96,0.1536,0.582457,344.99
I15x_HG006_grapev2_0.,sent.sentd.merge,25.186,151.56,0.000272,4,1.5044,0.000272,37.89
I1x_HG006_grapev2_0.,sent.alNsort,1038.5851,1610924.16,0.538795,192,8.0785,0.538795,8390.23
I1x_HG006_grapev2_0.,sent.alignstats,33.9402,948.16,0.002935,32,0.873,0.002935,29.63
I1x_HG006_grapev2_0.,sent.mrkdup,37.9302,110434.56,0.019677,192,15.1642,0.019677,575.18
I1x_HG006_grapev2_0.,sent.sentd,99.141,1433303.04,0.051432,192,75.298,0.051432,7465.12
I1x_HG006_grapev2_0.,sent.sentd.concat.fofn,0.3671,0.0,4e-06,1,0.0,4e-06,0.0
I1x_HG006_grapev2_0.,sent.sentd.concordance,1232.1117,17962.56,0.319596,96,0.1519,0.319596,187.11
I1x_HG006_grapev2_0.,sent.sentd.merge,5.38,4.68,5.8e-05,4,0.2175,5.8e-05,1.17
I20x_HG006_grapev2_0.,sent.alNsort,1342.976,651782.3999999999,0.696706,192,2.5277,0.696706,3394.6999999999994
I20x_HG006_grapev2_0.,sent.alignstats,479.3809,28330.56,0.041449,32,1.8468,0.041449,885.33
I20x_HG006_grapev2_0.,sent.mrkdup,447.9621,5940040.32,0.232393,192,69.0632,0.232393,30937.710000000003
I20x_HG006_grapev2_0.,sent.sentd,513.5133,7285128.959999999,0.266399,192,73.8898,0.266399,37943.38
I20x_HG006_grapev2_0.,sent.sentd.concat.fofn,0.3787,0.0,4e-06,1,0.0,4e-06,0.0
I20x_HG006_grapev2_0.,sent.sentd.concordance,2258.6517,959.04,0.585869,96,0.0044,0.585869,9.99
I20x_HG006_grapev2_0.,sent.sentd.merge,25.7078,156.36,0.000278,4,1.5205,0.000278,39.09
I30x_HG006_grapev2_0.,sent.alNsort,1616.701,1029939.8400000001,0.838709,192,3.318,0.838709,5364.27
I30x_HG006_grapev2_0.,sent.alignstats,728.0085,42525.12,0.062946,32,1.8254,0.062946,1328.91
I30x_HG006_grapev2_0.,sent.mrkdup,693.0289,8798745.600000001,0.359528,192,66.1254,0.359528,45826.80000000001
I30x_HG006_grapev2_0.,sent.sentd,591.2299,7158387.84,0.306717,192,63.0605,0.306717,37283.27
I30x_HG006_grapev2_0.,sent.sentd.concat.fofn,0.4302,0.0,4e-06,1,0.0,4e-06,0.0
I30x_HG006_grapev2_0.,sent.sentd.concordance,2262.2644,21738.239999999998,0.586806,96,0.1001,0.586806,226.43999999999997
I30x_HG006_grapev2_0.,sent.sentd.merge,25.6946,155.16,0.000278,4,1.5097,0.000278,38.79
I3x_HG006_grapev2_0.,sent.alNsort,1053.155,81212.16,0.546353,192,0.4016,0.546353,422.98
I3x_HG006_grapev2_0.,sent.alignstats,82.1336,4602.24,0.011553,32,1.751,0.011553,143.82
I3x_HG006_grapev2_0.,sent.mrkdup,68.5503,564211.2,0.035562,192,42.8678,0.035562,2938.6
I3x_HG006_grapev2_0.,sent.sentd,219.4714,4329242.88,0.113857,192,102.7384,0.113857,22548.14
I3x_HG006_grapev2_0.,sent.sentd.concat.fofn,0.3692,0.0,4e-06,1,0.0,4e-06,0.0
I3x_HG006_grapev2_0.,sent.sentd.concordance,1748.4528,767.04,0.453529,96,0.0046,0.453529,7.989999999999999
I3x_HG006_grapev2_0.,sent.sentd.merge,14.941,9.36,0.000161,4,0.1566,0.000161,2.34
I5x_HG006_grapev2_0.,sent.alNsort,1117.9321,162276.48,0.579958,192,0.756,0.579958,845.19
I5x_HG006_grapev2_0.,sent.alignstats,127.2993,6407.04,0.011007,32,1.5728,0.011007,200.22
I5x_HG006_grapev2_0.,sent.mrkdup,105.3797,1208540.16,0.054669,192,59.7314,0.054669,6294.48
I5x_HG006_grapev2_0.,sent.sentd,299.292,6038749.4399999995,0.252586,192,105.0874,0.252586,31451.819999999996
I5x_HG006_grapev2_0.,sent.sentd.concat.fofn,0.3689,0.0,4e-06,1,0.0,4e-06,0.0
I5x_HG006_grapev2_0.,sent.sentd.concordance,2026.2873,34501.44,0.855037,96,0.1774,0.855037,359.39000000000004
I5x_HG006_grapev2_0.,sent.sentd.merge,19.0832,143.72,0.000206,4,1.8828,0.000206,35.93
I7x_HG006_grapev2_0.,sent.alNsort,1098.757,202531.19999999998,0.570011,192,0.96,0.570011,1054.85
I7x_HG006_grapev2_0.,sent.alignstats,172.9767,10141.44,0.014956,32,1.8322,0.014956,316.92
I7x_HG006_grapev2_0.,sent.mrkdup,138.4892,1631130.2399999998,0.071845,192,61.3439,0.071845,8495.47
I7x_HG006_grapev2_0.,sent.sentd,345.9964,6424926.720000001,0.179495,192,96.7154,0.179495,33463.16
I7x_HG006_grapev2_0.,sent.sentd.concat.fofn,0.3614,0.0,4e-06,1,0.0,4e-06,0.0
I7x_HG006_grapev2_0.,sent.sentd.concordance,2149.1315,29805.120000000003,0.906874,96,0.1445,0.906874,310.47
I7x_HG006_grapev2_0.,sent.sentd.merge,21.6255,146.6,0.000234,4,1.6948,0.000234,36.65
I9x_HG006_grapev2_0.,sent.alNsort,1135.7561,259852.80000000002,0.589205,192,1.1916,0.589205,1353.4
I9x_HG006_grapev2_0.,sent.alignstats,222.0983,11873.6,0.019203,32,1.6707,0.019203,371.05
I9x_HG006_grapev2_0.,sent.mrkdup,171.8528,1978569.5999999999,0.089153,192,59.9644,0.089153,10305.05
I9x_HG006_grapev2_0.,sent.sentd,369.4386,6698311.68,0.191657,192,94.4326,0.191657,34887.04
I9x_HG006_grapev2_0.,sent.sentd.concat.fofn,0.3656,0.0,4e-06,1,0.0,4e-06,0.0
I9x_HG006_grapev2_0.,sent.sentd.concordance,2181.0366,30382.08,0.565737,96,0.1451,0.565737,316.48
I9x_HG006_grapev2_0.,sent.sentd.merge,23.4921,149.64,0.000254,4,1.5925,0.000254,37.41
Ods10xUds10x_HG006_sup-PAY77227_0.,ont.sentdhuo,7474.7569,26227.199999999997,6.184531,192,0.0183,6.184531,136.6
Ods10xUds10x_HG006_sup-PAY77227_0.,ont.sentdhuo.concat.fofn,0.4011,0.0,3e-06,1,0.0,3e-06,0.0
Ods10xUds10x_HG006_sup-PAY77227_0.,ont.sentdhuo.concordance,2619.2996,36367.68,0.95448,96,0.1446,0.95448,378.83
Ods10xUds10x_HG006_sup-PAY77227_0.,ont.sentdhuo.merge,29.4647,3160.32,0.007158,64,1.6759,0.007158,49.38
Ods10xUds15x_HG006_sup-PAY77227_0.,ont.sentdhuo,7168.3884,22368.0,5.931045,192,0.0163,5.931045,116.5
Ods10xUds15x_HG006_sup-PAY77227_0.,ont.sentdhuo.concat.fofn,0.3542,0.0,3e-06,1,0.0,3e-06,0.0
Ods10xUds15x_HG006_sup-PAY77227_0.,ont.sentdhuo.concordance,2645.6094,42381.12,0.964067,96,0.1669,0.964067,441.47
Ods10xUds15x_HG006_sup-PAY77227_0.,ont.sentdhuo.merge,30.0803,3190.4,0.007308,64,1.6572,0.007308,49.85
Ods10xUds20x_HG006_sup-PAY77227_0.,ont.alignstats,143.718,12834.56,0.019881,32,2.7907,0.019881,401.08
Ods10xUds20x_HG006_sup-PAY77227_0.,ont.sentdhuo,7053.7334,22494.72,5.854599,192,0.0166,5.854599,117.16000000000001
Ods10xUds20x_HG006_sup-PAY77227_0.,ont.sentdhuo.concat.fofn,0.4075,0.0,3e-06,1,0.0,3e-06,0.0
Ods10xUds20x_HG006_sup-PAY77227_0.,ont.sentdhuo.concordance,2638.3712,576.0,1.094924,96,0.0023,1.094924,6.0
Ods10xUds20x_HG006_sup-PAY77227_0.,ont.sentdhuo.merge,30.1523,3190.4,0.008342,64,1.6533,0.008342,49.85
Ods10xUds30x_HG006_sup-PAY77227_0.,ont.alignstats,374.1305,12332.8,0.051713,32,1.0301,0.051713,385.4
Ods10xUds30x_HG006_sup-PAY77227_0.,ont.sentdhuo,7963.9087,29118.72,6.645439,192,0.019,6.645439,151.66
Ods10xUds30x_HG006_sup-PAY77227_0.,ont.sentdhuo.concat.fofn,0.5172,0.0,4e-06,1,0.0,4e-06,0.0
Ods10xUds30x_HG006_sup-PAY77227_0.,ont.sentdhuo.concordance,2668.1845,33824.64,0.954024,96,0.1321,0.954024,352.34
Ods10xUds30x_HG006_sup-PAY77227_0.,ont.sentdhuo.merge,30.8028,3223.68,0.007342,64,1.6352,0.007342,50.37
Ods10xUds40x_HG006_sup-PAY77227_0.,ont.alignstats,187.1821,11107.2,0.025873,32,1.8543,0.025873,347.1
Ods10xUds40x_HG006_sup-PAY77227_0.,ont.sentdhuo,8615.0193,30808.32,7.188755,192,0.0186,7.188755,160.46
Ods10xUds40x_HG006_sup-PAY77227_0.,ont.sentdhuo.concat.fofn,0.3692,0.0,3e-06,1,0.0,3e-06,0.0
Ods10xUds40x_HG006_sup-PAY77227_0.,ont.sentdhuo.concordance,2676.4298,31059.840000000004,0.956972,96,0.1209,0.956972,323.54
Ods10xUds40x_HG006_sup-PAY77227_0.,ont.sentdhuo.merge,31.1109,3250.56,0.008565,64,1.6325,0.008565,50.79
Ods10xUds5x_HG006_sup-PAY77227_0.,ont.sentdhuo,7756.693,26868.48,6.417802,192,0.018,6.417802,139.94
Ods10xUds5x_HG006_sup-PAY77227_0.,ont.sentdhuo.concat.fofn,0.363,0.0,3e-06,1,0.0,3e-06,0.0
Ods10xUds5x_HG006_sup-PAY77227_0.,ont.sentdhuo.concordance,2542.4771,300.48,0.926486,96,0.0012,0.926486,3.1300000000000003
Ods10xUds5x_HG006_sup-PAY77227_0.,ont.sentdhuo.merge,27.4417,3093.12,0.006667,64,1.7612,0.006667,48.33
Ods10x_HG006_sup-PAY77227_0.,ont.sentdont,2391.1013,69955200.0,1.97598,192,152.3775,1.97598,364350.0
Ods10x_HG006_sup-PAY77227_0.,ont.sentdont.concat.fofn,0.4491,0.0,3e-06,1,0.0,3e-06,0.0
Ods10x_HG006_sup-PAY77227_0.,ont.sentdont.concordance,2698.8076,52701.12,1.115132,96,0.2034,1.115132,548.97
Ods10x_HG006_sup-PAY77227_0.,ont.sentdont.merge,41.9457,2512.64,0.01019,64,0.936,0.01019,39.26
Ods15xUds10x_HG006_sup-PAY77227_0.,ont.sentdhuo,8489.574,23452.800000000003,7.024179,192,0.0144,7.024179,122.15000000000002
Ods15xUds10x_HG006_sup-PAY77227_0.,ont.sentdhuo.concat.fofn,0.3976,0.0,3e-06,1,0.0,3e-06,0.0
Ods15xUds10x_HG006_sup-PAY77227_0.,ont.sentdhuo.concordance,2634.4453,31771.199999999997,0.959999,96,0.1256,0.959999,330.95
Ods15xUds10x_HG006_sup-PAY77227_0.,ont.sentdhuo.merge,28.8648,3168.64,0.007012,64,1.7152,0.007012,49.51
Ods15xUds15x_HG006_sup-PAY77227_0.,ont.sentdhuo,9152.4563,22901.760000000002,7.572641,192,0.013,7.572641,119.28000000000002
Ods15xUds15x_HG006_sup-PAY77227_0.,ont.sentdhuo.concat.fofn,0.4013,0.0,3e-06,1,0.0,3e-06,0.0
Ods15xUds15x_HG006_sup-PAY77227_0.,ont.sentdhuo.concordance,2589.6493,37881.600000000006,0.943675,96,0.1524,0.943675,394.6000000000001
Ods15xUds15x_HG006_sup-PAY77227_0.,ont.sentdhuo.merge,27.859,3120.64,0.006768,64,1.7502,0.006768,48.76
Ods15xUds20x_HG006_sup-PAY77227_0.,ont.alignstats,204.9539,19028.8,0.028352,32,2.9014,0.028352,594.65
Ods15xUds20x_HG006_sup-PAY77227_0.,ont.sentdhuo,8342.3352,21283.199999999997,6.924138,192,0.0133,6.924138,110.84999999999998
Ods15xUds20x_HG006_sup-PAY77227_0.,ont.sentdhuo.concat.fofn,0.3677,0.0,3e-06,1,0.0,3e-06,0.0
Ods15xUds20x_HG006_sup-PAY77227_0.,ont.sentdhuo.concordance,2731.4728,42689.28,1.133561,96,0.1628,1.133561,444.68
Ods15xUds20x_HG006_sup-PAY77227_0.,ont.sentdhuo.merge,29.6763,3080.96,0.00821,64,1.6222,0.00821,48.14
Ods15xUds30x_HG006_sup-PAY77227_0.,ont.alignstats,361.5516,18793.28,0.049974,32,1.6244,0.049974,587.29
Ods15xUds30x_HG006_sup-PAY77227_0.,ont.sentdhuo,8954.7844,21932.16,9.508986,192,0.0128,9.508986,114.23
Ods15xUds30x_HG006_sup-PAY77227_0.,ont.sentdhuo.concat.fofn,0.4012,0.0,3e-06,1,0.0,3e-06,0.0
Ods15xUds30x_HG006_sup-PAY77227_0.,ont.sentdhuo.concordance,2689.9913,36703.68,0.961821,96,0.1421,0.961821,382.33
Ods15xUds30x_HG006_sup-PAY77227_0.,ont.sentdhuo.merge,30.3904,3257.6,0.007244,64,1.6749,0.007244,50.9
Ods15xUds40x_HG006_sup-PAY77227_0.,ont.alignstats,504.3779,19573.44,0.069716,32,1.2127,0.069716,611.67
Ods15xUds40x_HG006_sup-PAY77227_0.,ont.sentdhuo,9968.2001,24347.52,8.317909,192,0.0127,8.317909,126.81
Ods15xUds40x_HG006_sup-PAY77227_0.,ont.sentdhuo.concat.fofn,0.417,0.0,3e-06,1,0.0,3e-06,0.0
Ods15xUds40x_HG006_sup-PAY77227_0.,ont.sentdhuo.concordance,2692.1597,36826.56,0.962597,96,0.1425,0.962597,383.60999999999996
Ods15xUds40x_HG006_sup-PAY77227_0.,ont.sentdhuo.merge,30.4811,3313.28,0.007266,64,1.6984,0.007266,51.77
Ods15xUds5x_HG006_sup-PAY77227_0.,ont.alignstats,271.8916,20055.04,0.037581,32,2.305,0.037581,626.72
Ods15x_HG006_sup-PAY77227_0.,ont.sentdont,1710.5942,44315099.519999996,1.413616,192,134.9284,1.413616,230807.80999999997
Ods15x_HG006_sup-PAY77227_0.,ont.sentdont.concat.fofn,0.3531,0.0,3e-06,1,0.0,3e-06,0.0
Ods15x_HG006_sup-PAY77227_0.,ont.sentdont.concordance,2512.3611,59199.36,1.038094,96,0.2455,1.038094,616.66
Ods15x_HG006_sup-PAY77227_0.,ont.sentdont.merge,30.7137,2954.24,0.00846,64,1.5029,0.00846,46.16
Ods20xUds10x_HG006_sup-PAY77227_0.,ont.alignstats,345.2633,23139.2,0.047723,32,2.0943,0.047723,723.1
Ods20xUds10x_HG006_sup-PAY77227_0.,ont.sentdhuo,9161.6833,27317.760000000002,7.644916,192,0.0155,7.644916,142.28
Ods20xUds10x_HG006_sup-PAY77227_0.,ont.sentdhuo.concat.fofn,0.3604,0.0,3e-06,1,0.0,3e-06,0.0
Ods20xUds10x_HG006_sup-PAY77227_0.,ont.sentdhuo.concordance,2638.0806,35472.96,0.94326,96,0.1401,0.94326,369.51
Ods20xUds10x_HG006_sup-PAY77227_0.,ont.sentdhuo.merge,28.9448,3146.24,0.0069,64,1.6984,0.0069,49.16
Ods20xUds15x_HG006_sup-PAY77227_0.,ont.alignstats,471.1344,25832.96,0.065121,32,1.7135,0.065121,807.28
Ods20xUds15x_HG006_sup-PAY77227_0.,ont.sentdhuo,9088.6609,20939.52,7.583983,192,0.012,7.583983,109.06
Ods20xUds15x_HG006_sup-PAY77227_0.,ont.sentdhuo.concat.fofn,0.3758,0.0,3e-06,1,0.0,3e-06,0.0
Ods20xUds15x_HG006_sup-PAY77227_0.,ont.sentdhuo.concordance,2644.3986,30375.36,0.945519,96,0.1197,0.945519,316.41
Ods20xUds15x_HG006_sup-PAY77227_0.,ont.sentdhuo.merge,28.8491,3249.28,0.006877,64,1.7598,0.006877,50.77
Ods20xUds20x_HG006_sup-PAY77227_0.,ont.alignstats,325.7965,25578.24,0.045032,32,2.4534,0.045032,799.32
Ods20xUds20x_HG006_sup-PAY77227_0.,ont.sentdhuo,9184.7932,22882.56,7.664455,192,0.013,7.664455,119.18
Ods20xUds20x_HG006_sup-PAY77227_0.,ont.sentdhuo.concat.fofn,0.3897,0.0,3e-06,1,0.0,3e-06,0.0
Ods20xUds20x_HG006_sup-PAY77227_0.,ont.sentdhuo.concordance,2659.8781,36199.68,0.941043,96,0.1418,0.941043,377.08
Ods20xUds20x_HG006_sup-PAY77227_0.,ont.sentdhuo.merge,29.367,3224.32,0.006927,64,1.7155,0.006927,50.38
Ods20xUds30x_HG006_sup-PAY77227_0.,ont.alignstats,264.3295,25091.52,0.036536,32,2.9664,0.036536,784.11
Ods20xUds30x_HG006_sup-PAY77227_0.,ont.sentdhuo,9723.7169,31553.28,8.113902,192,0.0169,8.113902,164.34
Ods20xUds30x_HG006_sup-PAY77227_0.,ont.sentdhuo.concat.fofn,0.4126,0.0,3e-06,1,0.0,3e-06,0.0
Ods20xUds30x_HG006_sup-PAY77227_0.,ont.sentdhuo.concordance,2691.4476,37425.600000000006,0.962342,96,0.1448,0.962342,389.8500000000001
Ods20xUds30x_HG006_sup-PAY77227_0.,ont.sentdhuo.merge,29.6704,3285.12,0.007073,64,1.73,0.007073,51.33
Ods20xUds40x_HG006_sup-PAY77227_0.,ont.alignstats,443.9645,25641.92,0.061366,32,1.8049,0.061366,801.31
Ods20xUds40x_HG006_sup-PAY77227_0.,ont.sentdhuo,10704.0279,29767.68,8.931917,192,0.0145,8.931917,155.04
Ods20xUds40x_HG006_sup-PAY77227_0.,ont.sentdhuo.concat.fofn,0.4227,0.0,3e-06,1,0.0,3e-06,0.0
Ods20xUds40x_HG006_sup-PAY77227_0.,ont.sentdhuo.concordance,2697.01,33431.04,0.964331,96,0.1291,0.964331,348.24
Ods20xUds40x_HG006_sup-PAY77227_0.,ont.sentdhuo.merge,30.4805,3239.68,0.007266,64,1.6607,0.007266,50.62
Ods20xUds5x_HG006_sup-PAY77227_0.,ont.alignstats,456.9743,24648.32,0.063164,32,1.6856,0.063164,770.26
Ods20x_HG006_sup-PAY77227_0.,ont.alignstats,286.7235,24974.4,0.039354,32,2.722,0.039354,780.45
Ods20x_HG006_sup-PAY77227_0.,ont.sentdont,1643.3423,37013988.480000004,1.362879,192,117.3104,1.362879,192781.19000000003
Ods20x_HG006_sup-PAY77227_0.,ont.sentdont.concat.fofn,21.0438,0.0,0.000154,1,0.0,0.000154,0.0
Ods20x_HG006_sup-PAY77227_0.,ont.sentdont.concordance,2411.2627,42985.92,0.86216,96,0.1857,0.86216,447.77
Ods20x_HG006_sup-PAY77227_0.,ont.sentdont.merge,290.6481,0.0,0.080348,64,0.0,0.080348,0.0
Ods30xUds10x_HG006_sup-PAY77227_0.,ont.alignstats,472.342,35975.36,0.065288,32,2.3801,0.065288,1124.23
Ods30xUds10x_HG006_sup-PAY77227_0.,ont.sentdhuo,10012.2516,27204.48,10.586565,192,0.0142,10.586565,141.69
Ods30xUds10x_HG006_sup-PAY77227_0.,ont.sentdhuo.concat.fofn,0.3789,0.0,3e-06,1,0.0,3e-06,0.0
Ods30xUds10x_HG006_sup-PAY77227_0.,ont.sentdhuo.concordance,2740.9127,420.48,0.980029,96,0.0016,0.980029,4.38
Ods30xUds10x_HG006_sup-PAY77227_0.,ont.sentdhuo.merge,28.2682,3162.88,0.006738,64,1.7483,0.006738,49.42
Ods30xUds15x_HG006_sup-PAY77227_0.,ont.alignstats,459.2983,35510.72,0.063485,32,2.4161,0.063485,1109.71
Ods30xUds15x_HG006_sup-PAY77227_0.,ont.sentdhuo,10065.9864,21085.44,8.399506,192,0.0109,8.399506,109.82
Ods30xUds15x_HG006_sup-PAY77227_0.,ont.sentdhuo.concat.fofn,0.4354,0.0,3e-06,1,0.0,3e-06,0.0
Ods30xUds15x_HG006_sup-PAY77227_0.,ont.sentdhuo.concordance,2664.6051,36884.159999999996,0.952744,96,0.1442,0.952744,384.21
Ods30xUds15x_HG006_sup-PAY77227_0.,ont.sentdhuo.merge,28.8938,3174.4,0.006887,64,1.7166,0.006887,49.6
Ods30xUds20x_HG006_sup-PAY77227_0.,ont.alignstats,432.0222,33856.96,0.059715,32,2.449,0.059715,1058.03
Ods30xUds30x_HG006_sup-PAY77227_0.,ont.alignstats,455.9086,34601.28,0.063017,32,2.3717,0.063017,1081.29
Ods30xUds30x_HG006_sup-PAY77227_0.,ont.sentdhuo,10850.4338,27469.44,9.054084,192,0.0132,9.054084,143.07
Ods30xUds30x_HG006_sup-PAY77227_0.,ont.sentdhuo.concat.fofn,0.4237,0.0,3e-06,1,0.0,3e-06,0.0
Ods30xUds30x_HG006_sup-PAY77227_0.,ont.sentdhuo.concordance,2690.8941,40466.88,0.962144,96,0.1567,0.962144,421.53
Ods30xUds30x_HG006_sup-PAY77227_0.,ont.sentdhuo.merge,29.8148,3248.64,0.007107,64,1.7025,0.007107,50.76
Ods30xUds40x_HG006_sup-PAY77227_0.,ont.alignstats,409.0616,36824.96,0.056541,32,2.8132,0.056541,1150.78
Ods30xUds40x_HG006_sup-PAY77227_0.,ont.sentdhuo,11302.3258,24639.36,9.431163,192,0.0114,9.431163,128.33
Ods30xUds40x_HG006_sup-PAY77227_0.,ont.sentdhuo.concat.fofn,0.4144,0.0,3e-06,1,0.0,3e-06,0.0
Ods30xUds40x_HG006_sup-PAY77227_0.,ont.sentdhuo.concordance,2701.3932,851.52,0.965898,96,0.0033,0.965898,8.87
Ods30xUds40x_HG006_sup-PAY77227_0.,ont.sentdhuo.merge,29.8984,3331.84,0.007127,64,1.7412,0.007127,52.06
Ods30xUds5x_HG006_sup-PAY77227_0.,ont.alignstats,499.5734,36630.08,0.069052,32,2.2913,0.069052,1144.69
Ods30x_HG006_sup-PAY77227_0.,ont.alignstats,390.6399,37161.28,0.053617,32,2.9728,0.053617,1161.29
Ods30x_HG006_sup-PAY77227_0.,ont.sentdont,1528.2415,35317904.64,1.092862,192,120.3654,1.092862,183947.42
Ods30x_HG006_sup-PAY77227_0.,ont.sentdont.concat.fofn,12.4157,0.01,9.1e-05,1,0.0008,9.1e-05,0.01
Ods30x_HG006_sup-PAY77227_0.,ont.sentdont.concordance,2696.6104,639.36,1.118194,96,0.0025,1.118194,6.66
Ods30x_HG006_sup-PAY77227_0.,ont.sentdont.merge,81.693,475.52,0.019473,64,0.091,0.019473,7.43
Ods5xUds10x_HG006_sup-PAY77227_0.,ont.sentdhuo,5588.3307,28272.0,4.623723,192,0.0263,4.623723,147.25
Ods5xUds10x_HG006_sup-PAY77227_0.,ont.sentdhuo.concat.fofn,0.3605,0.0,3e-06,1,0.0,3e-06,0.0
Ods5xUds10x_HG006_sup-PAY77227_0.,ont.sentdhuo.concordance,2698.395,50184.0,1.114962,96,0.1937,1.114962,522.75
Ods5xUds10x_HG006_sup-PAY77227_0.,ont.sentdhuo.merge,31.8323,3116.8,0.008769,64,1.5299,0.008769,48.7
Ods5xUds15x_HG006_sup-PAY77227_0.,ont.sentdhuo,5054.2719,25453.44,4.181848,192,0.0262,4.181848,132.57
Ods5xUds15x_HG006_sup-PAY77227_0.,ont.sentdhuo.concat.fofn,0.3901,0.0,3e-06,1,0.0,3e-06,0.0
Ods5xUds15x_HG006_sup-PAY77227_0.,ont.sentdhuo.concordance,2578.7031,40149.12,0.939687,96,0.1622,0.939687,418.22
Ods5xUds15x_HG006_sup-PAY77227_0.,ont.sentdhuo.merge,31.3769,3157.12,0.007623,64,1.5722,0.007623,49.33
Ods5xUds20x_HG006_sup-PAY77227_0.,ont.alignstats,79.6747,6842.56,0.011022,32,2.6838,0.011022,213.83
Ods5xUds20x_HG006_sup-PAY77227_0.,ont.sentdhuo,5145.0468,22366.079999999998,4.270389,192,0.0226,4.270389,116.49
Ods5xUds20x_HG006_sup-PAY77227_0.,ont.sentdhuo.concat.fofn,0.4175,0.0,3e-06,1,0.0,3e-06,0.0
Ods5xUds20x_HG006_sup-PAY77227_0.,ont.sentdhuo.concordance,2652.3491,42497.28,1.100725,96,0.1669,1.100725,442.68
Ods5xUds20x_HG006_sup-PAY77227_0.,ont.sentdhuo.merge,30.6944,3166.72,0.008492,64,1.612,0.008492,49.48
Ods5xUds30x_HG006_sup-PAY77227_0.,ont.alignstats,355.8922,6771.52,0.049192,32,0.5946,0.049192,211.61
Ods5xUds30x_HG006_sup-PAY77227_0.,ont.sentdhuo,5847.8249,24981.120000000003,6.20974,192,0.0222,6.20974,130.11
Ods5xUds30x_HG006_sup-PAY77227_0.,ont.sentdhuo.concat.fofn,0.413,0.0,3e-06,1,0.0,3e-06,0.0
Ods5xUds30x_HG006_sup-PAY77227_0.,ont.sentdhuo.concordance,2607.1967,40906.56,0.932218,96,0.1634,0.932218,426.10999999999996
Ods5xUds30x_HG006_sup-PAY77227_0.,ont.sentdhuo.merge,30.5196,3237.76,0.007275,64,1.6576,0.007275,50.59
Ods5xUds40x_HG006_sup-PAY77227_0.,ont.alignstats,277.0337,6536.32,0.038292,32,0.7373,0.038292,204.26
Ods5xUds40x_HG006_sup-PAY77227_0.,ont.sentdhuo,6968.8557,32002.56,8.775725,192,0.0239,8.775725,166.68
Ods5xUds40x_HG006_sup-PAY77227_0.,ont.sentdhuo.concat.fofn,0.4051,0.0,3e-06,1,0.0,3e-06,0.0
Ods5xUds40x_HG006_sup-PAY77227_0.,ont.sentdhuo.concordance,2618.8895,36484.8,0.936398,96,0.1451,0.936398,380.05
Ods5xUds40x_HG006_sup-PAY77227_0.,ont.sentdhuo.merge,30.2776,3259.52,0.007217,64,1.6821,0.007217,50.93
Ods5xUds5x_HG006_sup-PAY77227_0.,ont.sentdhuo,5681.449,17679.36,4.700768,192,0.0162,4.700768,92.08
Ods5xUds5x_HG006_sup-PAY77227_0.,ont.sentdhuo.concat.fofn,0.3587,0.0,3e-06,1,0.0,3e-06,0.0
Ods5xUds5x_HG006_sup-PAY77227_0.,ont.sentdhuo.concordance,2537.6327,52896.96,1.048536,96,0.2171,1.048536,551.01
Ods5xUds5x_HG006_sup-PAY77227_0.,ont.sentdhuo.merge,28.16,2973.44,0.007757,64,1.6499,0.007757,46.46
Ods5x_HG006_sup-PAY77227_0.,ont.sentdont,3990.4949,129181808.64000002,3.297701,192,168.6061,3.297701,672821.92
Ods5x_HG006_sup-PAY77227_0.,ont.sentdont.concat.fofn,0.3546,0.0,3e-06,1,0.0,3e-06,0.0
Ods5x_HG006_sup-PAY77227_0.,ont.sentdont.concordance,2729.3872,54499.200000000004,0.994596,96,0.208,0.994596,567.7
Ods5x_HG006_sup-PAY77227_0.,ont.sentdont.merge,67.1447,6601.6,0.016312,64,1.5362,0.016312,103.15
Uds10x_HG006_408622-Z0116_0.,ug.alignstats,287.2646,27055.04,0.034893,32,2.9432,0.034893,845.47
Uds10x_HG006_408622-Z0116_0.,ug.sentdug,745.985,8229730.5600000005,0.543678,192,57.4585,0.543678,42863.18
Uds10x_HG006_408622-Z0116_0.,ug.sentdug.concat.fofn,0.3475,0.0,3e-06,1,0.0,3e-06,0.0
Uds10x_HG006_408622-Z0116_0.,ug.sentdug.concordance,2174.5087,31867.199999999997,0.792397,96,0.1527,0.792397,331.95
Uds10x_HG006_408622-Z0116_0.,ug.sentdug.merge,20.9949,3177.6,0.0051,64,2.3649,0.0051,49.65
Uds15x_HG006_408622-Z0116_0.,ug.alignstats,395.7019,36894.08,0.054501,32,2.9137,0.054501,1152.94
Uds15x_HG006_408622-Z0116_0.,ug.sentdug,1018.9121,9413418.24,0.742589,192,48.1182,0.742589,49028.22
Uds15x_HG006_408622-Z0116_0.,ug.sentdug.concat.fofn,0.3967,0.0,3e-06,1,0.0,3e-06,0.0
Uds15x_HG006_408622-Z0116_0.,ug.sentdug.concordance,2262.6218,38574.72,0.824506,96,0.1776,0.824506,401.82
Uds15x_HG006_408622-Z0116_0.,ug.sentdug.merge,23.2722,3201.92,0.005654,64,2.1498,0.005654,50.03
Uds20x_HG006_408622-Z0116_0.,ug.alignstats,507.1115,49634.88,0.069845,32,3.0587,0.069845,1551.09
Uds20x_HG006_408622-Z0116_0.,ug.sentdug,1375.4613,10425079.68,1.002444,192,39.4757,1.002444,54297.29
Uds20x_HG006_408622-Z0116_0.,ug.sentdug.concat.fofn,0.4033,0.0,3e-06,1,0.0,3e-06,0.0
Uds20x_HG006_408622-Z0116_0.,ug.sentdug.concordance,2279.9113,30396.48,0.830806,96,0.1389,0.830806,316.63
Uds20x_HG006_408622-Z0116_0.,ug.sentdug.merge,23.4059,3272.96,0.005686,64,2.1849,0.005686,51.14
Uds30x_HG006_408622-Z0116_0.,ug.alignstats,489.3787,47255.04,0.067697,32,3.0175,0.067697,1476.72
Uds30x_HG006_408622-Z0116_0.,ug.sentdug,1324.0559,10058117.76,1.090397,192,39.5648,1.090397,52386.03
Uds30x_HG006_408622-Z0116_0.,ug.sentdug.concat.fofn,0.3666,0.0,3e-06,1,0.0,3e-06,0.0
Uds30x_HG006_408622-Z0116_0.,ug.sentdug.concordance,2281.4586,30957.120000000003,0.946805,96,0.1413,0.946805,322.47
Uds30x_HG006_408622-Z0116_0.,ug.sentdug.merge,23.1498,3302.4,0.006405,64,2.229,0.006405,51.6
Uds40x_HG006_408622-Z0116_0.,ug.alignstats,1329.6059,99999.36,0.183781,32,2.3503,0.183781,3124.98
Uds40x_HG006_408622-Z0116_0.,ug.sentdug,2600.9977,10823834.879999999,2.157094,192,21.674,2.157094,56374.13999999999
Uds40x_HG006_408622-Z0116_0.,ug.sentdug.concat.fofn,0.4193,0.0,3e-06,1,0.0,3e-06,0.0
Uds40x_HG006_408622-Z0116_0.,ug.sentdug.concordance,2568.6544,39495.36,0.918437,96,0.1602,0.918437,411.41
Uds40x_HG006_408622-Z0116_0.,ug.sentdug.merge,24.3964,3379.2,0.005815,64,2.1642,0.005815,52.8
Uds5x_HG006_408622-Z0116_0.,ug.alignstats,144.4138,12808.32,0.01989,32,2.7716,0.01989,400.26
Uds5x_HG006_408622-Z0116_0.,ug.sentdug,416.1241,6499422.720000001,0.303274,192,81.3487,0.303274,33851.16
Uds5x_HG006_408622-Z0116_0.,ug.sentdug.concat.fofn,0.3546,0.0,3e-06,1,0.0,3e-06,0.0
Uds5x_HG006_408622-Z0116_0.,ug.sentdug.concordance,2023.6638,36200.64,0.737429,96,0.1863,0.737429,377.09
Uds5x_HG006_408622-Z0116_0.,ug.sentdug.merge,15.6591,613.76,0.003804,64,0.6124,0.003804,9.59
all.,alignstats_smmary_compile,77.57990000000001,0.38,0.001141,8,0.0259,0.00028525,0.0475
all.,alignstats_summary,4.8923,0.0,3.6e-05,4,0.0,9e-06,0.0
