sample	aligner	AlignedBases	AlignedBasesPct	AlignedReadLengthMean	AlignedReadLengthMedian	AlignedReadLengthMode	AlignedReadLengthStandardDeviation	ChimericReadPairPct	DeletedBases	DeletedBasesPct	DuplicateBases	DuplicateBasesPct	DuplicateReads	DuplicateReadsPct	FilteredRecords	FilteredRecordsPct	InputFileName	InputFileSize	InsertSizeMean	InsertSizeMedian	InsertSizeMode	InsertSizeStandardDeviation	InsertedBases	InsertedBasesPct	MappedBases	MappedBasesPct	MappedReads	MappedReadsPct	MatchedBases	MatchedBasesPct	MismatchedBases	MismatchedBasesPct	PerfectBases	PerfectBasesPct	PerfectReads	PerfectReadsPct	Q20Bases	Q20BasesPct	R1AlignedBases	R1AlignedBasesPct	R1AlignedReadLengthMean	R1AlignedReadLengthMedian	R1AlignedReadLengthMode	R1AlignedReadLengthStandardDeviation	R1DeletedBases	R1DeletedBasesPct	R1InsertedBases	R1InsertedBasesPct	R1MappedBases	R1MappedBasesPct	R1MappedReads	R1MappedReadsPct	R1MatchedBases	R1MatchedBasesPct	R1MismatchedBases	R1MismatchedBasesPct	R1PerfectBases	R1PerfectBasesPct	R1PerfectReads	R1PerfectReadsPct	R1Q20Bases	R1Q20BasesPct	R1SoftClippedBases	R1SoftClippedBasesPct	R1SoftClippedReads	R1SoftClippedReadsPct	R1UnmappedBases	R1UnmappedBasesPct	R1UnmappedReads	R1UnmappedReadsPct	R1UnpairedReads	R1UnpairedReadsPct	R1YieldBases	R1YieldReads	R2AlignedBases	R2AlignedBasesPct	R2AlignedReadLengthMean	R2AlignedReadLengthMedian	R2AlignedReadLengthMode	R2AlignedReadLengthStandardDeviation	R2DeletedBases	R2DeletedBasesPct	R2InsertedBases	R2InsertedBasesPct	R2MappedBases	R2MappedBasesPct	R2MappedReads	R2MappedReadsPct	R2MatchedBases	R2MatchedBasesPct	R2MismatchedBases	R2MismatchedBasesPct	R2PerfectBases	R2PerfectBasesPct	R2PerfectReads	R2PerfectReadsPct	R2Q20Bases	R2Q20BasesPct	R2SoftClippedBases	R2SoftClippedBasesPct	R2SoftClippedReads	R2SoftClippedReadsPct	R2UnmappedBases	R2UnmappedBasesPct	R2UnmappedReads	R2UnmappedReadsPct	R2UnpairedReads	R2UnpairedReadsPct	R2YieldBases	R2YieldReads	SoftClippedBases	SoftClippedBasesPct	SoftClippedReads	SoftClippedReadsPct	TotalPairs	TotalRecords	TotalSameChrPairs	TotalSameChrPairsPct	UnfilteredRecords	UnfilteredRecordsPct	UnmappedBases	UnmappedBasesPct	UnmappedReads	UnmappedReadsPct	UnpairedReads	UnpairedReadsPct	WgsAlignedReads	WgsAlignedReadsPct	WgsCalculatedAlignedReads	WgsCovDuplicateReads	WgsCovDuplicateReadsPct	WgsCoverageBases1	WgsCoverageBases10	WgsCoverageBases100	WgsCoverageBases1000	WgsCoverageBases1000Pct	WgsCoverageBases100Pct	WgsCoverageBases10Pct	WgsCoverageBases15	WgsCoverageBases15Pct	WgsCoverageBases1Pct	WgsCoverageBases20	WgsCoverageBases20Pct	WgsCoverageBases30	WgsCoverageBases30Pct	WgsCoverageBases40	WgsCoverageBases40Pct	WgsCoverageBases50	WgsCoverageBases500	WgsCoverageBases500Pct	WgsCoverageBases50Pct	WgsCoverageBases60	WgsCoverageBases60Pct	WgsCoverageBases70	WgsCoverageBases70Pct	WgsCoverageMean	WgsCoverageMedian	WgsCoverageStandardDeviation	WgsExpectedAlignedReads	WgsFilteredLowBaseQualityBases	WgsFilteredOverlapBases	WgsReadsPaired	WgsReadsPairedWithMates	WgsTotalReads	YieldBases	YieldReads
Ods10xIds15x_HG006_sup-PAY77227_0.ont	ont	28169039597	93.32174	14308.912159	9131	193	14623.613932	100.0	230859469	0.81955	0	0.0	0	0.0	0	0.0	results/day/hg38/Ods10xIds15x_HG006_sup-PAY77227_0/align/ont/Ods10xIds15x_HG006_sup-PAY77227_0.ont.cram	18832268222	0.0	0	0	0.0	173056853	0.614351	30063182651	99.596882	1968636	88.001155	27650661499	98.159759	345321245	1.225889	31164402	0.103663	54978	2.792695	26526064843	94.167445	0	0.0	0.0	0	0	0.0	0	0.0	0	0.0	0	0.0	0	0.0	0	0.0	0	0.0	0	0.0	0	0.0	0	0.0	0	0.0	0	0.0	0	0.0	0	0.0	0	0.0	0	0	0	0.0	0.0	0	0	0.0	0	0.0	0	0.0	0	0.0	0	0.0	0	0.0	0	0.0	0	0.0	0	0.0	0	0.0	0	0.0	0	0.0	0	0.0	0	0.0	0	0.0	0	0	1894143054	6.300541	1683861	85.5344	0	2237057	0	0.0	2237057	100.0	121680474	0.403118	268421	11.998845	0	0.0	1968636	88.001155	1968636	0	0.0	2916526669	1345827438	1426559	143412	0.004627	0.046022	43.417293	224469771	7.241545	94.089099	25937373	0.836757	7657252	0.247028	4800406	0.154864	3373858	333619	0.010763	0.108843	2562322	0.082662	2121389	0.068437	9.031691	9	15.815734	1968636	0	0	0	0	2237057	30184863125	2237057
Ods10xIds20x_HG006_sup-PAY77227_0.ont	ont	28169039597	93.32174	14308.912159	9131	193	14623.613932	100.0	230859469	0.81955	0	0.0	0	0.0	0	0.0	results/day/hg38/Ods10xIds20x_HG006_sup-PAY77227_0/align/ont/Ods10xIds20x_HG006_sup-PAY77227_0.ont.cram	18834034698	0.0	0	0	0.0	173056853	0.614351	30063182651	99.596882	1968636	88.001155	27650661499	98.159759	345321245	1.225889	31164402	0.103663	54978	2.792695	26526064843	94.167445	0	0.0	0.0	0	0	0.0	0	0.0	0	0.0	0	0.0	0	0.0	0	0.0	0	0.0	0	0.0	0	0.0	0	0.0	0	0.0	0	0.0	0	0.0	0	0.0	0	0.0	0	0	0	0.0	0.0	0	0	0.0	0	0.0	0	0.0	0	0.0	0	0.0	0	0.0	0	0.0	0	0.0	0	0.0	0	0.0	0	0.0	0	0.0	0	0.0	0	0.0	0	0.0	0	0	1894143054	6.300541	1683861	85.5344	0	2237057	0	0.0	2237057	100.0	121680474	0.403118	268421	11.998845	0	0.0	1968636	88.001155	1968636	0	0.0	2916526669	1345827438	1426559	143412	0.004627	0.046022	43.417293	224469771	7.241545	94.089099	25937373	0.836757	7657252	0.247028	4800406	0.154864	3373858	333619	0.010763	0.108843	2562322	0.082662	2121389	0.068437	9.031691	9	15.815734	1968636	0	0	0	0	2237057	30184863125	2237057
Ods10xIds30x_HG006_sup-PAY77227_0.ont	ont	28169039597	93.32174	14308.912159	9131	193	14623.613932	100.0	230859469	0.81955	0	0.0	0	0.0	0	0.0	results/day/hg38/Ods10xIds30x_HG006_sup-PAY77227_0/align/ont/Ods10xIds30x_HG006_sup-PAY77227_0.ont.cram	18833904332	0.0	0	0	0.0	173056853	0.614351	30063182651	99.596882	1968636	88.001155	27650661499	98.159759	345321245	1.225889	31164402	0.103663	54978	2.792695	26526064843	94.167445	0	0.0	0.0	0	0	0.0	0	0.0	0	0.0	0	0.0	0	0.0	0	0.0	0	0.0	0	0.0	0	0.0	0	0.0	0	0.0	0	0.0	0	0.0	0	0.0	0	0.0	0	0	0	0.0	0.0	0	0	0.0	0	0.0	0	0.0	0	0.0	0	0.0	0	0.0	0	0.0	0	0.0	0	0.0	0	0.0	0	0.0	0	0.0	0	0.0	0	0.0	0	0.0	0	0	1894143054	6.300541	1683861	85.5344	0	2237057	0	0.0	2237057	100.0	121680474	0.403118	268421	11.998845	0	0.0	1968636	88.001155	1968636	0	0.0	2916526669	1345827438	1426559	143412	0.004627	0.046022	43.417293	224469771	7.241545	94.089099	25937373	0.836757	7657252	0.247028	4800406	0.154864	3373858	333619	0.010763	0.108843	2562322	0.082662	2121389	0.068437	9.031691	9	15.815734	1968636	0	0	0	0	2237057	30184863125	2237057
Ods10xIds5x_HG006_sup-PAY77227_0.ont	ont	28169039597	93.32174	14308.912159	9131	193	14623.613932	100.0	230859469	0.81955	0	0.0	0	0.0	0	0.0	results/day/hg38/Ods10xIds5x_HG006_sup-PAY77227_0/align/ont/Ods10xIds5x_HG006_sup-PAY77227_0.ont.cram	18843171594	0.0	0	0	0.0	173056853	0.614351	30063182651	99.596882	1968636	88.001155	27650661499	98.159759	345321245	1.225889	31164402	0.103663	54978	2.792695	26526064843	94.167445	0	0.0	0.0	0	0	0.0	0	0.0	0	0.0	0	0.0	0	0.0	0	0.0	0	0.0	0	0.0	0	0.0	0	0.0	0	0.0	0	0.0	0	0.0	0	0.0	0	0.0	0	0	0	0.0	0.0	0	0	0.0	0	0.0	0	0.0	0	0.0	0	0.0	0	0.0	0	0.0	0	0.0	0	0.0	0	0.0	0	0.0	0	0.0	0	0.0	0	0.0	0	0.0	0	0	1894143054	6.300541	1683861	85.5344	0	2237057	0	0.0	2237057	100.0	121680474	0.403118	268421	11.998845	0	0.0	1968636	88.001155	1968636	0	0.0	2916526669	1345827438	1426559	143412	0.004627	0.046022	43.417293	224469771	7.241545	94.089099	25937373	0.836757	7657252	0.247028	4800406	0.154864	3373858	333619	0.010763	0.108843	2562322	0.082662	2121389	0.068437	9.031691	9	15.815734	1968636	0	0	0	0	2237057	30184863125	2237057
Ods10xIds9x_HG006_sup-PAY77227_0.ont	ont	28169039597	93.32174	14308.912159	9131	193	14623.613932	100.0	230859469	0.81955	0	0.0	0	0.0	0	0.0	results/day/hg38/Ods10xIds9x_HG006_sup-PAY77227_0/align/ont/Ods10xIds9x_HG006_sup-PAY77227_0.ont.cram	18832372318	0.0	0	0	0.0	173056853	0.614351	30063182651	99.596882	1968636	88.001155	27650661499	98.159759	345321245	1.225889	31164402	0.103663	54978	2.792695	26526064843	94.167445	0	0.0	0.0	0	0	0.0	0	0.0	0	0.0	0	0.0	0	0.0	0	0.0	0	0.0	0	0.0	0	0.0	0	0.0	0	0.0	0	0.0	0	0.0	0	0.0	0	0.0	0	0	0	0.0	0.0	0	0	0.0	0	0.0	0	0.0	0	0.0	0	0.0	0	0.0	0	0.0	0	0.0	0	0.0	0	0.0	0	0.0	0	0.0	0	0.0	0	0.0	0	0.0	0	0	1894143054	6.300541	1683861	85.5344	0	2237057	0	0.0	2237057	100.0	121680474	0.403118	268421	11.998845	0	0.0	1968636	88.001155	1968636	0	0.0	2916526669	1345827438	1426559	143412	0.004627	0.046022	43.417293	224469771	7.241545	94.089099	25937373	0.836757	7657252	0.247028	4800406	0.154864	3373858	333619	0.010763	0.108843	2562322	0.082662	2121389	0.068437	9.031691	9	15.815734	1968636	0	0	0	0	2237057	30184863125	2237057
Ods15xIds15x_HG006_sup-PAY77227_0.ont	ont	42247366248	93.302412	14311.554785	9126	193	14624.279148	100.0	346660937	0.82055	0	0.0	0	0.0	0	0.0	results/day/hg38/Ods15xIds15x_HG006_sup-PAY77227_0/align/ont/Ods15xIds15x_HG006_sup-PAY77227_0.ont.cram	28245338252	0.0	0	0	0.0	260199216	0.615895	45097250825	99.596322	2951976	87.990326	41468580164	98.156604	518586868	1.227501	46808197	0.103794	82700	2.801513	39784776296	94.171021	0	0.0	0.0	0	0	0.0	0	0.0	0	0.0	0	0.0	0	0.0	0	0.0	0	0.0	0	0.0	0	0.0	0	0.0	0	0.0	0	0.0	0	0.0	0	0.0	0	0.0	0	0	0	0.0	0.0	0	0	0.0	0	0.0	0	0.0	0	0.0	0	0.0	0	0.0	0	0.0	0	0.0	0	0.0	0	0.0	0	0.0	0	0.0	0	0.0	0	0.0	0	0.0	0	0	2849884577	6.31942	2524543	85.520445	0	3354887	0	0.0	3354887	100.0	182785731	0.403678	402911	12.009674	0	0.0	2951976	87.990326	2951976	0	0.0	2921803653	2452106124	2209265	253161	0.008167	0.071272	79.106276	1293494273	41.728828	94.258973	325762784	10.509284	17112566	0.552061	9182863	0.296244	6246504	490562	0.015826	0.201516	4677518	0.150899	3678110	0.118658	13.545288	14	23.635586	2951976	0	0	0	0	3354887	45280036556	3354887
Ods15xIds20x_HG006_sup-PAY77227_0.ont	ont	42247366248	93.302412	14311.554785	9126	193	14624.279148	100.0	346660937	0.82055	0	0.0	0	0.0	0	0.0	results/day/hg38/Ods15xIds20x_HG006_sup-PAY77227_0/align/ont/Ods15xIds20x_HG006_sup-PAY77227_0.ont.cram	28246600063	0.0	0	0	0.0	260199216	0.615895	45097250825	99.596322	2951976	87.990326	41468580164	98.156604	518586868	1.227501	46808197	0.103794	82700	2.801513	39784776296	94.171021	0	0.0	0.0	0	0	0.0	0	0.0	0	0.0	0	0.0	0	0.0	0	0.0	0	0.0	0	0.0	0	0.0	0	0.0	0	0.0	0	0.0	0	0.0	0	0.0	0	0.0	0	0	0	0.0	0.0	0	0	0.0	0	0.0	0	0.0	0	0.0	0	0.0	0	0.0	0	0.0	0	0.0	0	0.0	0	0.0	0	0.0	0	0.0	0	0.0	0	0.0	0	0.0	0	0	2849884577	6.31942	2524543	85.520445	0	3354887	0	0.0	3354887	100.0	182785731	0.403678	402911	12.009674	0	0.0	2951976	87.990326	2951976	0	0.0	2921803653	2452106124	2209265	253161	0.008167	0.071272	79.106276	1293494273	41.728828	94.258973	325762784	10.509284	17112566	0.552061	9182863	0.296244	6246504	490562	0.015826	0.201516	4677518	0.150899	3678110	0.118658	13.545288	14	23.635586	2951976	0	0	0	0	3354887	45280036556	3354887
Ods15xIds30x_HG006_sup-PAY77227_0.ont	ont	42247366248	93.302412	14311.554785	9126	193	14624.279148	100.0	346660937	0.82055	0	0.0	0	0.0	0	0.0	results/day/hg38/Ods15xIds30x_HG006_sup-PAY77227_0/align/ont/Ods15xIds30x_HG006_sup-PAY77227_0.ont.cram	28246767605	0.0	0	0	0.0	260199216	0.615895	45097250825	99.596322	2951976	87.990326	41468580164	98.156604	518586868	1.227501	46808197	0.103794	82700	2.801513	39784776296	94.171021	0	0.0	0.0	0	0	0.0	0	0.0	0	0.0	0	0.0	0	0.0	0	0.0	0	0.0	0	0.0	0	0.0	0	0.0	0	0.0	0	0.0	0	0.0	0	0.0	0	0.0	0	0	0	0.0	0.0	0	0	0.0	0	0.0	0	0.0	0	0.0	0	0.0	0	0.0	0	0.0	0	0.0	0	0.0	0	0.0	0	0.0	0	0.0	0	0.0	0	0.0	0	0.0	0	0	2849884577	6.31942	2524543	85.520445	0	3354887	0	0.0	3354887	100.0	182785731	0.403678	402911	12.009674	0	0.0	2951976	87.990326	2951976	0	0.0	2921803653	2452106124	2209265	253161	0.008167	0.071272	79.106276	1293494273	41.728828	94.258973	325762784	10.509284	17112566	0.552061	9182863	0.296244	6246504	490562	0.015826	0.201516	4677518	0.150899	3678110	0.118658	13.545288	14	23.635586	2951976	0	0	0	0	3354887	45280036556	3354887
Ods15xIds5x_HG006_sup-PAY77227_0.ont	ont	42247366248	93.302412	14311.554785	9126	193	14624.279148	100.0	346660937	0.82055	0	0.0	0	0.0	0	0.0	results/day/hg38/Ods15xIds5x_HG006_sup-PAY77227_0/align/ont/Ods15xIds5x_HG006_sup-PAY77227_0.ont.cram	28243068766	0.0	0	0	0.0	260199216	0.615895	45097250825	99.596322	2951976	87.990326	41468580164	98.156604	518586868	1.227501	46808197	0.103794	82700	2.801513	39784776296	94.171021	0	0.0	0.0	0	0	0.0	0	0.0	0	0.0	0	0.0	0	0.0	0	0.0	0	0.0	0	0.0	0	0.0	0	0.0	0	0.0	0	0.0	0	0.0	0	0.0	0	0.0	0	0	0	0.0	0.0	0	0	0.0	0	0.0	0	0.0	0	0.0	0	0.0	0	0.0	0	0.0	0	0.0	0	0.0	0	0.0	0	0.0	0	0.0	0	0.0	0	0.0	0	0.0	0	0	2849884577	6.31942	2524543	85.520445	0	3354887	0	0.0	3354887	100.0	182785731	0.403678	402911	12.009674	0	0.0	2951976	87.990326	2951976	0	0.0	2921803653	2452106124	2209265	253161	0.008167	0.071272	79.106276	1293494273	41.728828	94.258973	325762784	10.509284	17112566	0.552061	9182863	0.296244	6246504	490562	0.015826	0.201516	4677518	0.150899	3678110	0.118658	13.545288	14	23.635586	2951976	0	0	0	0	3354887	45280036556	3354887
Ods15xIds9x_HG006_sup-PAY77227_0.ont	ont	42247366248	93.302412	14311.554785	9126	193	14624.279148	100.0	346660937	0.82055	0	0.0	0	0.0	0	0.0	results/day/hg38/Ods15xIds9x_HG006_sup-PAY77227_0/align/ont/Ods15xIds9x_HG006_sup-PAY77227_0.ont.cram	28248497944	0.0	0	0	0.0	260199216	0.615895	45097250825	99.596322	2951976	87.990326	41468580164	98.156604	518586868	1.227501	46808197	0.103794	82700	2.801513	39784776296	94.171021	0	0.0	0.0	0	0	0.0	0	0.0	0	0.0	0	0.0	0	0.0	0	0.0	0	0.0	0	0.0	0	0.0	0	0.0	0	0.0	0	0.0	0	0.0	0	0.0	0	0.0	0	0	0	0.0	0.0	0	0	0.0	0	0.0	0	0.0	0	0.0	0	0.0	0	0.0	0	0.0	0	0.0	0	0.0	0	0.0	0	0.0	0	0.0	0	0.0	0	0.0	0	0.0	0	0	2849884577	6.31942	2524543	85.520445	0	3354887	0	0.0	3354887	100.0	182785731	0.403678	402911	12.009674	0	0.0	2951976	87.990326	2951976	0	0.0	2921803653	2452106124	2209265	253161	0.008167	0.071272	79.106276	1293494273	41.728828	94.258973	325762784	10.509284	17112566	0.552061	9182863	0.296244	6246504	490562	0.015826	0.201516	4677518	0.150899	3678110	0.118658	13.545288	14	23.635586	2951976	0	0	0	0	3354887	45280036556	3354887
Ods20xIds15x_HG006_sup-PAY77227_0.ont	ont	56333534274	93.316531	14315.578676	9128	200	14629.296212	100.0	461380411	0.819016	0	0.0	0	0.0	0	0.0	results/day/hg38/Ods20xIds15x_HG006_sup-PAY77227_0/align/ont/Ods20xIds15x_HG006_sup-PAY77227_0.ont.cram	37645047047	0.0	0	0	0.0	346426198	0.614956	60127700443	99.601569	3935121	87.986668	55296113691	98.158432	690994385	1.226613	62427396	0.103825	110533	2.808884	53051691683	94.174265	0	0.0	0.0	0	0	0.0	0	0.0	0	0.0	0	0.0	0	0.0	0	0.0	0	0.0	0	0.0	0	0.0	0	0.0	0	0.0	0	0.0	0	0.0	0	0.0	0	0.0	0	0	0	0.0	0.0	0	0	0.0	0	0.0	0	0.0	0	0.0	0	0.0	0	0.0	0	0.0	0	0.0	0	0.0	0	0.0	0	0.0	0	0.0	0	0.0	0	0.0	0	0.0	0	0	3794166169	6.31018	3365019	85.512466	0	4472406	0	0.0	4472406	100.0	240525735	0.398431	537285	12.013332	0	0.0	3935121	87.986668	3935121	0	0.0	2924129614	2760215499	3256294	333825	0.010769	0.105049	89.045474	2279999466	73.553544	94.333398	1259543880	40.633306	86928105	2.80433	15850998	0.511358	10168382	629134	0.020296	0.328035	7325922	0.236337	5635512	0.181803	18.061628	18	31.414667	3935121	0	0	0	0	4472406	60368226178	4472406
Ods20xIds20x_HG006_sup-PAY77227_0.ont	ont	56333534274	93.316531	14315.578676	9128	200	14629.296212	100.0	461380411	0.819016	0	0.0	0	0.0	0	0.0	results/day/hg38/Ods20xIds20x_HG006_sup-PAY77227_0/align/ont/Ods20xIds20x_HG006_sup-PAY77227_0.ont.cram	37647167814	0.0	0	0	0.0	346426198	0.614956	60127700443	99.601569	3935121	87.986668	55296113691	98.158432	690994385	1.226613	62427396	0.103825	110533	2.808884	53051691683	94.174265	0	0.0	0.0	0	0	0.0	0	0.0	0	0.0	0	0.0	0	0.0	0	0.0	0	0.0	0	0.0	0	0.0	0	0.0	0	0.0	0	0.0	0	0.0	0	0.0	0	0.0	0	0	0	0.0	0.0	0	0	0.0	0	0.0	0	0.0	0	0.0	0	0.0	0	0.0	0	0.0	0	0.0	0	0.0	0	0.0	0	0.0	0	0.0	0	0.0	0	0.0	0	0.0	0	0	3794166169	6.31018	3365019	85.512466	0	4472406	0	0.0	4472406	100.0	240525735	0.398431	537285	12.013332	0	0.0	3935121	87.986668	3935121	0	0.0	2924129614	2760215499	3256294	333825	0.010769	0.105049	89.045474	2279999466	73.553544	94.333398	1259543880	40.633306	86928105	2.80433	15850998	0.511358	10168382	629134	0.020296	0.328035	7325922	0.236337	5635512	0.181803	18.061628	18	31.414667	3935121	0	0	0	0	4472406	60368226178	4472406
Ods20xIds30x_HG006_sup-PAY77227_0.ont	ont	56333534274	93.316531	14315.578676	9128	200	14629.296212	100.0	461380411	0.819016	0	0.0	0	0.0	0	0.0	results/day/hg38/Ods20xIds30x_HG006_sup-PAY77227_0/align/ont/Ods20xIds30x_HG006_sup-PAY77227_0.ont.cram	37644840082	0.0	0	0	0.0	346426198	0.614956	60127700443	99.601569	3935121	87.986668	55296113691	98.158432	690994385	1.226613	62427396	0.103825	110533	2.808884	53051691683	94.174265	0	0.0	0.0	0	0	0.0	0	0.0	0	0.0	0	0.0	0	0.0	0	0.0	0	0.0	0	0.0	0	0.0	0	0.0	0	0.0	0	0.0	0	0.0	0	0.0	0	0.0	0	0	0	0.0	0.0	0	0	0.0	0	0.0	0	0.0	0	0.0	0	0.0	0	0.0	0	0.0	0	0.0	0	0.0	0	0.0	0	0.0	0	0.0	0	0.0	0	0.0	0	0.0	0	0	3794166169	6.31018	3365019	85.512466	0	4472406	0	0.0	4472406	100.0	240525735	0.398431	537285	12.013332	0	0.0	3935121	87.986668	3935121	0	0.0	2924129614	2760215499	3256294	333825	0.010769	0.105049	89.045474	2279999466	73.553544	94.333398	1259543880	40.633306	86928105	2.80433	15850998	0.511358	10168382	629134	0.020296	0.328035	7325922	0.236337	5635512	0.181803	18.061628	18	31.414667	3935121	0	0	0	0	4472406	60368226178	4472406
Ods20xIds5x_HG006_sup-PAY77227_0.ont	ont	56333534274	93.316531	14315.578676	9128	200	14629.296212	100.0	461380411	0.819016	0	0.0	0	0.0	0	0.0	results/day/hg38/Ods20xIds5x_HG006_sup-PAY77227_0/align/ont/Ods20xIds5x_HG006_sup-PAY77227_0.ont.cram	37647251319	0.0	0	0	0.0	346426198	0.614956	60127700443	99.601569	3935121	87.986668	55296113691	98.158432	690994385	1.226613	62427396	0.103825	110533	2.808884	53051691683	94.174265	0	0.0	0.0	0	0	0.0	0	0.0	0	0.0	0	0.0	0	0.0	0	0.0	0	0.0	0	0.0	0	0.0	0	0.0	0	0.0	0	0.0	0	0.0	0	0.0	0	0.0	0	0	0	0.0	0.0	0	0	0.0	0	0.0	0	0.0	0	0.0	0	0.0	0	0.0	0	0.0	0	0.0	0	0.0	0	0.0	0	0.0	0	0.0	0	0.0	0	0.0	0	0.0	0	0	3794166169	6.31018	3365019	85.512466	0	4472406	0	0.0	4472406	100.0	240525735	0.398431	537285	12.013332	0	0.0	3935121	87.986668	3935121	0	0.0	2924129614	2760215499	3256294	333825	0.010769	0.105049	89.045474	2279999466	73.553544	94.333398	1259543880	40.633306	86928105	2.80433	15850998	0.511358	10168382	629134	0.020296	0.328035	7325922	0.236337	5635512	0.181803	18.061628	18	31.414667	3935121	0	0	0	0	4472406	60368226178	4472406
Ods20xIds9x_HG006_sup-PAY77227_0.ont	ont	56333534274	93.316531	14315.578676	9128	200	14629.296212	100.0	461380411	0.819016	0	0.0	0	0.0	0	0.0	results/day/hg38/Ods20xIds9x_HG006_sup-PAY77227_0/align/ont/Ods20xIds9x_HG006_sup-PAY77227_0.ont.cram	37645520130	0.0	0	0	0.0	346426198	0.614956	60127700443	99.601569	3935121	87.986668	55296113691	98.158432	690994385	1.226613	62427396	0.103825	110533	2.808884	53051691683	94.174265	0	0.0	0.0	0	0	0.0	0	0.0	0	0.0	0	0.0	0	0.0	0	0.0	0	0.0	0	0.0	0	0.0	0	0.0	0	0.0	0	0.0	0	0.0	0	0.0	0	0.0	0	0	0	0.0	0.0	0	0	0.0	0	0.0	0	0.0	0	0.0	0	0.0	0	0.0	0	0.0	0	0.0	0	0.0	0	0.0	0	0.0	0	0.0	0	0.0	0	0.0	0	0.0	0	0	3794166169	6.31018	3365019	85.512466	0	4472406	0	0.0	4472406	100.0	240525735	0.398431	537285	12.013332	0	0.0	3935121	87.986668	3935121	0	0.0	2924129614	2760215499	3256294	333825	0.010769	0.105049	89.045474	2279999466	73.553544	94.333398	1259543880	40.633306	86928105	2.80433	15850998	0.511358	10168382	629134	0.020296	0.328035	7325922	0.236337	5635512	0.181803	18.061628	18	31.414667	3935121	0	0	0	0	4472406	60368226178	4472406
Ods30xIds15x_HG006_sup-PAY77227_0.ont	ont	78952802640	93.309994	14321.994654	9133	193	14634.025851	100.0	646767274	0.819182	0	0.0	0	0.0	0	0.0	results/day/hg38/Ods30xIds15x_HG006_sup-PAY77227_0/align/ont/Ods30xIds15x_HG006_sup-PAY77227_0.ont.cram	52739222179	0.0	0	0	0.0	486087178	0.615668	84274404930	99.599304	5512696	87.987882	77497508971	98.156755	969206491	1.227577	86964034	0.103192	154150	2.796272	74354418023	94.17578	0	0.0	0.0	0	0	0.0	0	0.0	0	0.0	0	0.0	0	0.0	0	0.0	0	0.0	0	0.0	0	0.0	0	0.0	0	0.0	0	0.0	0	0.0	0	0.0	0	0.0	0	0	0	0.0	0.0	0	0	0.0	0	0.0	0	0.0	0	0.0	0	0.0	0	0.0	0	0.0	0	0.0	0	0.0	0	0.0	0	0.0	0	0.0	0	0.0	0	0.0	0	0.0	0	0	5321602290	6.314613	4713924	85.51032	0	6265290	0	0.0	6265290	100.0	339042402	0.400696	752594	12.012118	0	0.0	5512696	87.987882	5512696	0	0.0	2926100546	2863529704	5486049	468579	0.015116	0.176981	92.378263	2747128842	88.623139	94.396815	2452584203	79.121047	890961309	28.742659	87395386	2.819399	19697241	819773	0.026446	0.635438	13498749	0.435473	10077964	0.325118	25.31358	26	43.912815	5512696	0	0	0	0	6265290	84613447332	6265290
Ods30xIds20x_HG006_sup-PAY77227_0.ont	ont	78952802640	93.309994	14321.994654	9133	193	14634.025851	100.0	646767274	0.819182	0	0.0	0	0.0	0	0.0	results/day/hg38/Ods30xIds20x_HG006_sup-PAY77227_0/align/ont/Ods30xIds20x_HG006_sup-PAY77227_0.ont.cram	52739613916	0.0	0	0	0.0	486087178	0.615668	84274404930	99.599304	5512696	87.987882	77497508971	98.156755	969206491	1.227577	86964034	0.103192	154150	2.796272	74354418023	94.17578	0	0.0	0.0	0	0	0.0	0	0.0	0	0.0	0	0.0	0	0.0	0	0.0	0	0.0	0	0.0	0	0.0	0	0.0	0	0.0	0	0.0	0	0.0	0	0.0	0	0.0	0	0	0	0.0	0.0	0	0	0.0	0	0.0	0	0.0	0	0.0	0	0.0	0	0.0	0	0.0	0	0.0	0	0.0	0	0.0	0	0.0	0	0.0	0	0.0	0	0.0	0	0.0	0	0	5321602290	6.314613	4713924	85.51032	0	6265290	0	0.0	6265290	100.0	339042402	0.400696	752594	12.012118	0	0.0	5512696	87.987882	5512696	0	0.0	2926100546	2863529704	5486049	468579	0.015116	0.176981	92.378263	2747128842	88.623139	94.396815	2452584203	79.121047	890961309	28.742659	87395386	2.819399	19697241	819773	0.026446	0.635438	13498749	0.435473	10077964	0.325118	25.31358	26	43.912815	5512696	0	0	0	0	6265290	84613447332	6265290
Ods30xIds30x_HG006_sup-PAY77227_0.ont	ont	78952802640	93.309994	14321.994654	9133	193	14634.025851	100.0	646767274	0.819182	0	0.0	0	0.0	0	0.0	results/day/hg38/Ods30xIds30x_HG006_sup-PAY77227_0/align/ont/Ods30xIds30x_HG006_sup-PAY77227_0.ont.cram	52739515327	0.0	0	0	0.0	486087178	0.615668	84274404930	99.599304	5512696	87.987882	77497508971	98.156755	969206491	1.227577	86964034	0.103192	154150	2.796272	74354418023	94.17578	0	0.0	0.0	0	0	0.0	0	0.0	0	0.0	0	0.0	0	0.0	0	0.0	0	0.0	0	0.0	0	0.0	0	0.0	0	0.0	0	0.0	0	0.0	0	0.0	0	0.0	0	0	0	0.0	0.0	0	0	0.0	0	0.0	0	0.0	0	0.0	0	0.0	0	0.0	0	0.0	0	0.0	0	0.0	0	0.0	0	0.0	0	0.0	0	0.0	0	0.0	0	0.0	0	0	5321602290	6.314613	4713924	85.51032	0	6265290	0	0.0	6265290	100.0	339042402	0.400696	752594	12.012118	0	0.0	5512696	87.987882	5512696	0	0.0	2926100546	2863529704	5486049	468579	0.015116	0.176981	92.378263	2747128842	88.623139	94.396815	2452584203	79.121047	890961309	28.742659	87395386	2.819399	19697241	819773	0.026446	0.635438	13498749	0.435473	10077964	0.325118	25.31358	26	43.912815	5512696	0	0	0	0	6265290	84613447332	6265290
Ods30xIds5x_HG006_sup-PAY77227_0.ont	ont	78952802640	93.309994	14321.994654	9133	193	14634.025851	100.0	646767274	0.819182	0	0.0	0	0.0	0	0.0	results/day/hg38/Ods30xIds5x_HG006_sup-PAY77227_0/align/ont/Ods30xIds5x_HG006_sup-PAY77227_0.ont.cram	52742291766	0.0	0	0	0.0	486087178	0.615668	84274404930	99.599304	5512696	87.987882	77497508971	98.156755	969206491	1.227577	86964034	0.103192	154150	2.796272	74354418023	94.17578	0	0.0	0.0	0	0	0.0	0	0.0	0	0.0	0	0.0	0	0.0	0	0.0	0	0.0	0	0.0	0	0.0	0	0.0	0	0.0	0	0.0	0	0.0	0	0.0	0	0.0	0	0	0	0.0	0.0	0	0	0.0	0	0.0	0	0.0	0	0.0	0	0.0	0	0.0	0	0.0	0	0.0	0	0.0	0	0.0	0	0.0	0	0.0	0	0.0	0	0.0	0	0.0	0	0	5321602290	6.314613	4713924	85.51032	0	6265290	0	0.0	6265290	100.0	339042402	0.400696	752594	12.012118	0	0.0	5512696	87.987882	5512696	0	0.0	2926100546	2863529704	5486049	468579	0.015116	0.176981	92.378263	2747128842	88.623139	94.396815	2452584203	79.121047	890961309	28.742659	87395386	2.819399	19697241	819773	0.026446	0.635438	13498749	0.435473	10077964	0.325118	25.31358	26	43.912815	5512696	0	0	0	0	6265290	84613447332	6265290
Ods30xIds9x_HG006_sup-PAY77227_0.ont	ont	78952802640	93.309994	14321.994654	9133	193	14634.025851	100.0	646767274	0.819182	0	0.0	0	0.0	0	0.0	results/day/hg38/Ods30xIds9x_HG006_sup-PAY77227_0/align/ont/Ods30xIds9x_HG006_sup-PAY77227_0.ont.cram	52742118897	0.0	0	0	0.0	486087178	0.615668	84274404930	99.599304	5512696	87.987882	77497508971	98.156755	969206491	1.227577	86964034	0.103192	154150	2.796272	74354418023	94.17578	0	0.0	0.0	0	0	0.0	0	0.0	0	0.0	0	0.0	0	0.0	0	0.0	0	0.0	0	0.0	0	0.0	0	0.0	0	0.0	0	0.0	0	0.0	0	0.0	0	0.0	0	0	0	0.0	0.0	0	0	0.0	0	0.0	0	0.0	0	0.0	0	0.0	0	0.0	0	0.0	0	0.0	0	0.0	0	0.0	0	0.0	0	0.0	0	0.0	0	0.0	0	0.0	0	0	5321602290	6.314613	4713924	85.51032	0	6265290	0	0.0	6265290	100.0	339042402	0.400696	752594	12.012118	0	0.0	5512696	87.987882	5512696	0	0.0	2926100546	2863529704	5486049	468579	0.015116	0.176981	92.378263	2747128842	88.623139	94.396815	2452584203	79.121047	890961309	28.742659	87395386	2.819399	19697241	819773	0.026446	0.635438	13498749	0.435473	10077964	0.325118	25.31358	26	43.912815	5512696	0	0	0	0	6265290	84613447332	6265290
Ods5xIds15x_HG006_sup-PAY77227_0.ont	ont	14088574651	93.307781	14319.287003	9141	200	14622.518567	100.0	116457624	0.82661	0	0.0	0	0.0	0	0.0	results/day/hg38/Ods5xIds15x_HG006_sup-PAY77227_0/align/ont/Ods5xIds15x_HG006_sup-PAY77227_0.ont.cram	9429000571	0.0	0	0	0.0	86478536	0.61382	15038545453	99.59938	983888	87.957954	13829371040	98.160186	172725075	1.225994	15556742	0.103446	27387	2.783549	13266962073	94.168235	0	0.0	0.0	0	0	0.0	0	0.0	0	0.0	0	0.0	0	0.0	0	0.0	0	0.0	0	0.0	0	0.0	0	0.0	0	0.0	0	0.0	0	0.0	0	0.0	0	0.0	0	0	0	0.0	0.0	0	0	0.0	0	0.0	0	0.0	0	0.0	0	0.0	0	0.0	0	0.0	0	0.0	0	0.0	0	0.0	0	0.0	0	0.0	0	0.0	0	0.0	0	0.0	0	0	949970802	6.316906	841373	85.51512	0	1118589	0	0.0	1118589	100.0	60489707	0.40062	134701	12.042046	0	0.0	983888	87.957954	983888	0	0.0	2868008074	93582335	769588	45153	0.001457	0.024828	3.019046	8978947	0.289668	92.524376	5116411	0.16506	2643981	0.085297	1848763	0.059643	1451224	142626	0.004601	0.046818	1171585	0.037796	1004852	0.032417	4.517195	4	8.135369	983888	0	0	0	0	1118589	15099035160	1118589
Ods5xIds20x_HG006_sup-PAY77227_0.ont	ont	14088574651	93.307781	14319.287003	9141	200	14622.518567	100.0	116457624	0.82661	0	0.0	0	0.0	0	0.0	results/day/hg38/Ods5xIds20x_HG006_sup-PAY77227_0/align/ont/Ods5xIds20x_HG006_sup-PAY77227_0.ont.cram	9429707028	0.0	0	0	0.0	86478536	0.61382	15038545453	99.59938	983888	87.957954	13829371040	98.160186	172725075	1.225994	15556742	0.103446	27387	2.783549	13266962073	94.168235	0	0.0	0.0	0	0	0.0	0	0.0	0	0.0	0	0.0	0	0.0	0	0.0	0	0.0	0	0.0	0	0.0	0	0.0	0	0.0	0	0.0	0	0.0	0	0.0	0	0.0	0	0	0	0.0	0.0	0	0	0.0	0	0.0	0	0.0	0	0.0	0	0.0	0	0.0	0	0.0	0	0.0	0	0.0	0	0.0	0	0.0	0	0.0	0	0.0	0	0.0	0	0.0	0	0	949970802	6.316906	841373	85.51512	0	1118589	0	0.0	1118589	100.0	60489707	0.40062	134701	12.042046	0	0.0	983888	87.957954	983888	0	0.0	2868008074	93582335	769588	45153	0.001457	0.024828	3.019046	8978947	0.289668	92.524376	5116411	0.16506	2643981	0.085297	1848763	0.059643	1451224	142626	0.004601	0.046818	1171585	0.037796	1004852	0.032417	4.517195	4	8.135369	983888	0	0	0	0	1118589	15099035160	1118589
Ods5xIds30x_HG006_sup-PAY77227_0.ont	ont	14088574651	93.307781	14319.287003	9141	200	14622.518567	100.0	116457624	0.82661	0	0.0	0	0.0	0	0.0	results/day/hg38/Ods5xIds30x_HG006_sup-PAY77227_0/align/ont/Ods5xIds30x_HG006_sup-PAY77227_0.ont.cram	9429309891	0.0	0	0	0.0	86478536	0.61382	15038545453	99.59938	983888	87.957954	13829371040	98.160186	172725075	1.225994	15556742	0.103446	27387	2.783549	13266962073	94.168235	0	0.0	0.0	0	0	0.0	0	0.0	0	0.0	0	0.0	0	0.0	0	0.0	0	0.0	0	0.0	0	0.0	0	0.0	0	0.0	0	0.0	0	0.0	0	0.0	0	0.0	0	0	0	0.0	0.0	0	0	0.0	0	0.0	0	0.0	0	0.0	0	0.0	0	0.0	0	0.0	0	0.0	0	0.0	0	0.0	0	0.0	0	0.0	0	0.0	0	0.0	0	0.0	0	0	949970802	6.316906	841373	85.51512	0	1118589	0	0.0	1118589	100.0	60489707	0.40062	134701	12.042046	0	0.0	983888	87.957954	983888	0	0.0	2868008074	93582335	769588	45153	0.001457	0.024828	3.019046	8978947	0.289668	92.524376	5116411	0.16506	2643981	0.085297	1848763	0.059643	1451224	142626	0.004601	0.046818	1171585	0.037796	1004852	0.032417	4.517195	4	8.135369	983888	0	0	0	0	1118589	15099035160	1118589
Ods5xIds5x_HG006_sup-PAY77227_0.ont	ont	14088574651	93.307781	14319.287003	9141	200	14622.518567	100.0	116457624	0.82661	0	0.0	0	0.0	0	0.0	results/day/hg38/Ods5xIds5x_HG006_sup-PAY77227_0/align/ont/Ods5xIds5x_HG006_sup-PAY77227_0.ont.cram	9428849790	0.0	0	0	0.0	86478536	0.61382	15038545453	99.59938	983888	87.957954	13829371040	98.160186	172725075	1.225994	15556742	0.103446	27387	2.783549	13266962073	94.168235	0	0.0	0.0	0	0	0.0	0	0.0	0	0.0	0	0.0	0	0.0	0	0.0	0	0.0	0	0.0	0	0.0	0	0.0	0	0.0	0	0.0	0	0.0	0	0.0	0	0.0	0	0	0	0.0	0.0	0	0	0.0	0	0.0	0	0.0	0	0.0	0	0.0	0	0.0	0	0.0	0	0.0	0	0.0	0	0.0	0	0.0	0	0.0	0	0.0	0	0.0	0	0.0	0	0	949970802	6.316906	841373	85.51512	0	1118589	0	0.0	1118589	100.0	60489707	0.40062	134701	12.042046	0	0.0	983888	87.957954	983888	0	0.0	2868008074	93582335	769588	45153	0.001457	0.024828	3.019046	8978947	0.289668	92.524376	5116411	0.16506	2643981	0.085297	1848763	0.059643	1451224	142626	0.004601	0.046818	1171585	0.037796	1004852	0.032417	4.517195	4	8.135369	983888	0	0	0	0	1118589	15099035160	1118589
Ods5xIds9x_HG006_sup-PAY77227_0.ont	ont	14088574651	93.307781	14319.287003	9141	200	14622.518567	100.0	116457624	0.82661	0	0.0	0	0.0	0	0.0	results/day/hg38/Ods5xIds9x_HG006_sup-PAY77227_0/align/ont/Ods5xIds9x_HG006_sup-PAY77227_0.ont.cram	9428767469	0.0	0	0	0.0	86478536	0.61382	15038545453	99.59938	983888	87.957954	13829371040	98.160186	172725075	1.225994	15556742	0.103446	27387	2.783549	13266962073	94.168235	0	0.0	0.0	0	0	0.0	0	0.0	0	0.0	0	0.0	0	0.0	0	0.0	0	0.0	0	0.0	0	0.0	0	0.0	0	0.0	0	0.0	0	0.0	0	0.0	0	0.0	0	0	0	0.0	0.0	0	0	0.0	0	0.0	0	0.0	0	0.0	0	0.0	0	0.0	0	0.0	0	0.0	0	0.0	0	0.0	0	0.0	0	0.0	0	0.0	0	0.0	0	0.0	0	0	949970802	6.316906	841373	85.51512	0	1118589	0	0.0	1118589	100.0	60489707	0.40062	134701	12.042046	0	0.0	983888	87.957954	983888	0	0.0	2868008074	93582335	769588	45153	0.001457	0.024828	3.019046	8978947	0.289668	92.524376	5116411	0.16506	2643981	0.085297	1848763	0.059643	1451224	142626	0.004601	0.046818	1171585	0.037796	1004852	0.032417	4.517195	4	8.135369	983888	0	0	0	0	1118589	15099035160	1118589
